3,NN,TS,VNS 
1,244640.679283,262172.533660,245979.136165
2,244640.679283,270168.199506,242999.113594
3,242999.113594,262555.946593,245561.634758
