3,NN,TS,VNS 
1,248866.805806,260777.169360,253138.797106 
2,246284.319132,256431.471150,248210.153514 
3,247613.187287,260502.981600,250232.480055 
4,246479.069037,259659.401636,250296.005039 
5,244364.848940,253915.372436,249178.726864 
6,243364.101070,261277.829305,246088.169207 
7,245982.654021,256291.162250,248409.525031 
8,246441.225712,258522.205465,247441.072240 
9,244603.643660,255537.871543,247258.393333 
10,247579.682714,256167.833638,250653.444302 
