seed,NN,TS,VNS 
1,83366.529412,83819.001061,81319.499980 
2,79735.544692,79653.186372,77627.794373 
3,77374.421608,76046.393871,74539.458240 
