3,NN,TS,VNS 
11,239915.378164,237380.530970,242573.116674 
12,240711.417447,236718.096984,241140.140653 
13,239457.021300,238120.105973,242170.526446 
14,239254.341323,235473.688830,241272.754600 
15,242011.649182,241609.379009,244240.708371 
16,240421.666421,238930.241900,241444.617813 
17,247238.097694,244411.963930,250007.234821 
18,239785.379287,239054.285068,241716.804127 
19,241551.231494,239818.654211,244403.305444 
20,242120.921141,240770.141088,244412.368865 
