5,Fixed min,Fixed max,Random,Linear,Sinusoidal 
1,117800.514624,114726.535212,115245.398816,116472.377317,116005.535653 
2,106623.430387,108385.476354,106991.762527,105582.064641,105643.119857 
3,109316.771847,110572.745550,110612.066891,110034.676965,109506.406316 
