5,Fixed min,Fixed max,Random,Linear,Sinusoidal 
1,290811.534443,290811.534443,290811.534443,290811.534443,290811.534443 
2,289021.210652,289021.210652,289021.210652,289021.210652,289021.210652 
3,290037.048714,290037.048714,290037.048714,290037.048714,290037.048714 
