6,3-opt x1,3-opt x3,3-opt x5,5-opt x1,5-opt x3,5-opt x5 
1,60456.681882,60456.681882,60456.681882,60456.681882,60456.681882,60456.681882 
2,59965.466808,59965.466808,59965.466808,59965.466808,59965.466808,59965.466808 
3,51447.539677,51447.539677,51447.539677,51447.539677,51447.539677,51447.539677 
