3,HF,LB,TS 
61,233431.628276,235567.995266,237859.688299 
62,239602.785909,240096.351881,242067.119660 
63,235648.643133,236962.710209,238748.300915 
64,236830.025619,236426.233949,239638.861678 
65,235346.814171,235733.841627,238810.274366 
66,235792.020765,235502.944983,239927.593189 
67,236309.525080,236783.003374,240433.626003 
68,239727.706832,238729.765209,241342.980865 
69,233947.748932,234419.126162,238128.534211 
70,236004.889340,236170.565713,239437.527012 
