4,Only Frac-SECs,Frac-SECs + Warm-up,Frac-SECs + Post-heu,All 
11,2.419788,1.929073,1.357833,1.039300 
12,2.947190,2.018875,1.165309,2.431224 
13,0.977206,1.417190,1.183343,0.963343 
14,3.727595,4.912256,2.461712,2.173361 
15,0.860769,1.110308,1.005163,1.080353 
16,1.660905,2.705541,2.295347,1.773642 
17,4.961184,3.469021,3.207535,4.037301 
18,1.070192,1.157101,1.003648,0.895221 
19,3.305396,4.202484,2.931541,3.311232 
20,4.441027,3.639204,4.719591,3.689719 
