4,Only Frac-SECs,Frac-SECs + Warm-up,Frac-SECs + Post-heu,All 
31,16.245475,21.110175,12.669038,10.049160 
32,5.611137,11.635265,9.889197,9.936790 
33,60.257418,45.041092,38.538556,29.133480 
34,17.438864,14.173906,9.331145,11.246231 
35,8.956145,13.661920,14.070225,10.406758 
36,15.380449,18.428550,10.968109,11.653509 
37,11.424108,13.609310,9.805765,12.396359 
38,10.853479,9.001678,6.871033,8.062942 
39,17.306704,28.413945,4.327704,8.378283 
40,13.437695,11.854645,10.656479,11.912963 
