2,BL,BC
41,12.244594,4.724996 
42,60.148093,10.941261 
43,60.202507,11.970097 
44,58.806035,11.281101 
45,29.596766,10.228087 
46,17.950583,4.571325 
47,38.556002,10.072459 
48,60.207597,14.905030 
49,60.181812,24.353777 
50,27.751220,11.561847 
