2,NN,EM 
1,301018.580262,281094.796485 
2,287373.453847,277016.673424 
3,292033.606117,283548.739743 
4,295315.893788,280410.936542 
5,284472.758558,278708.666134 
6,293539.533385,278159.861796 
7,296615.391246,275497.649571 
8,289603.382851,282557.306344 
9,289717.936721,277813.149687 
10,288588.925511,283324.936332 
